,timestamp,open,high,low,close,adjusted_close,volume,dividend_amount,split_coefficient
0,2019-01-31,56.43,56.99,55.3699,55.59,55.59,17943,0.0,1.0
1,2019-01-30,55.68,56.55,55.49,55.95,55.95,25179,0.0,1.0
2,2019-01-29,54.54,55.5,54.54,54.94,54.94,16616,0.0,1.0
3,2019-01-28,53.62,53.789,52.9,53.72,53.72,56893,0.0,1.0
4,2019-01-25,54.98,55.45,54.8,55.17,55.17,13538,0.0,1.0
5,2019-01-24,54.5,55.02,54.26,54.8082,54.8082,6226,0.0,1.0
6,2019-01-23,54.78,54.87,53.6,54.1916,54.1916,20446,0.0,1.0
7,2019-01-22,54.43,54.65,53.675,54.65,54.65,40803,0.0,1.0
8,2019-01-18,54.56,55.76,54.34,55.51,55.51,60732,0.0,1.0
9,2019-01-17,53.39,54.3801,52.97,54.24,54.24,25141,0.0,1.0
10,2019-01-16,53.75,54.32,53.7097,54.21,54.21,24481,0.0,1.0
11,2019-01-15,53.25,54.05,53.25,54.05,54.05,12575,0.0,1.0
12,2019-01-14,53.06,53.5581,52.38,52.38,52.38,23899,0.0,1.0
13,2019-01-11,53.85,53.89,53.261,53.49,53.49,78842,0.0,1.0
14,2019-01-10,53.47,54.58,53.37,54.48,54.48,27365,0.0,1.0
15,2019-01-09,52.98,54.38,52.58,54.09,54.09,59064,0.0,1.0
16,2019-01-08,51.14,51.5359,50.88,51.4738,51.4738,9503,0.0,1.0
17,2019-01-07,50.34,51.43,50.2,50.4379,50.4379,26528,0.0,1.0
18,2019-01-04,49.9,50.96,49.35,49.9705,49.9705,30011,0.0,1.0
19,2019-01-03,49.0,49.02,47.4601,48.8024,48.8024,29314,0.0,1.0
20,2019-01-02,46.19,49.43,45.99,48.2762,48.2762,25296,0.0,1.0
21,2018-12-31,47.22,47.53,46.5,47.4571,47.4571,30008,0.0,1.0
22,2018-12-28,46.8,47.07,46.03,46.69,46.69,52214,0.0,1.0
23,2018-12-27,47.01,47.36,46.11,47.15,47.15,48329,0.0,1.0
24,2018-12-26,45.28,48.63,45.28,48.63,48.63,100999,0.0,1.0
25,2018-12-24,47.0,47.0,45.5747,45.5747,45.5747,21781,0.0,1.0
26,2018-12-21,47.28,47.9299,46.86,46.999,46.999,77792,0.0,1.0
27,2018-12-20,48.07,48.3559,47.4075,47.7102,47.7102,33811,0.0,1.0
28,2018-12-19,48.85,49.8899,48.74,49.1094,49.1094,30155,0.0,1.0
29,2018-12-18,51.11,51.11,47.8463,48.08,48.08,44528,0.0,1.0
30,2018-12-17,53.37,53.37,51.14,51.27,51.27,24789,0.0,1.0
31,2018-12-14,54.42,54.42,53.02,53.0798,53.0798,35773,0.0,1.0
32,2018-12-13,52.65,55.12,52.65,55.0353,55.0353,20724,0.0,1.0
33,2018-12-12,54.4,54.5556,53.0517,53.0827,53.0827,27955,0.0,1.0
34,2018-12-11,54.2,54.45,53.409,53.7021,53.7021,12192,0.0,1.0
35,2018-12-10,53.34,54.015,52.57,52.8038,52.8038,33174,0.0,1.0
36,2018-12-07,55.62,56.38,54.39,54.48,54.48,50659,0.0,1.0
37,2018-12-06,53.25,53.79,52.0601,53.65,53.65,37293,0.0,1.0
38,2018-12-04,55.17,55.54,54.8033,54.92,54.92,16513,0.0,1.0
39,2018-12-03,55.38,55.38,54.3132,55.2324,55.2324,23047,0.0,1.0
40,2018-11-30,52.17,53.525,51.725,52.517,52.517,19898,0.0,1.0
41,2018-11-29,53.3,54.0962,52.93,53.2327,53.2327,14904,0.0,1.0
42,2018-11-28,53.28,54.12,52.015,52.24,52.24,63427,0.0,1.0
43,2018-11-27,54.44,54.44,52.31,53.769,53.769,17518,0.0,1.0
44,2018-11-26,53.71,54.07,53.45,53.63,53.63,15519,0.0,1.0
45,2018-11-23,53.3,53.3,52.69,53.1972,53.1972,27034,0.0,1.0
46,2018-11-21,56.51,57.4391,56.304,56.4,56.4,5271,0.0,1.0
47,2018-11-20,58.73,58.73,54.77,55.26,55.26,20139,0.0,1.0
48,2018-11-19,58.21,59.94,57.44,59.45,59.45,23678,0.0,1.0
49,2018-11-16,60.34,60.35,58.59,58.97,58.97,54757,0.0,1.0
50,2018-11-15,58.9914,59.27,58.7701,58.7701,58.7701,10088,0.0,1.0
51,2018-11-14,58.91,59.52,58.43,58.43,58.43,9167,0.0,1.0
52,2018-11-13,59.91,60.17,57.17,57.29,57.29,24588,0.0,1.0
53,2018-11-12,63.35,63.35,61.165,61.165,61.165,2005,0.0,1.0
54,2018-11-09,61.75,62.4435,61.7,62.4435,62.4435,4215,0.0,1.0
55,2018-11-08,63.66,63.66,62.98,62.98,62.98,3200,0.0,1.0
56,2018-11-07,65.03,65.03,63.7473,63.98,63.98,2454,0.0,1.0
57,2018-11-06,65.65,65.65,64.0857,64.51,64.51,2345,0.0,1.0
58,2018-11-05,66.19,66.19,65.03,65.2,65.2,19145,0.0,1.0
59,2018-11-02,65.77,65.8,65.3944,65.3944,65.3944,1826,0.0,1.0
60,2018-11-01,67.32,67.32,65.89,65.93,65.93,2042,0.0,1.0
61,2018-10-31,68.73,68.73,67.67,67.68,67.68,11017,0.0,1.0
62,2018-10-30,67.93,68.9054,67.93,68.78,68.78,7441,0.0,1.0
63,2018-10-29,69.72,69.97,69.14,69.14,69.14,6564,0.0,1.0
64,2018-10-26,69.16,70.15,69.1,70.15,70.15,1874,0.0,1.0
65,2018-10-25,69.693,69.9592,69.693,69.8601,69.8601,1001,0.0,1.0
66,2018-10-24,69.64,69.7,68.94,68.96,68.96,5488,0.0,1.0
67,2018-10-23,70.49,70.49,68.31,69.1487,69.1487,15085,0.0,1.0
68,2018-10-22,71.8005,71.8699,71.725,71.725,71.725,1470,0.0,1.0
69,2018-10-19,71.5263,71.5263,71.5263,71.5263,71.5263,194,0.0,1.0
70,2018-10-18,71.2051,72.27,71.14,71.5263,71.5263,2680,0.0,1.0
71,2018-10-17,72.5399,72.86,72.301,72.6248,72.6248,5374,0.0,1.0
72,2018-10-16,74.147,74.78,74.03,74.433,74.433,20546,0.0,1.0
73,2018-10-15,74.09,74.09,74.06,74.06,74.06,820,0.0,1.0
74,2018-10-12,74.0412,74.0412,74.0412,74.0412,74.0412,1073,0.0,1.0
75,2018-10-11,74.5,74.5,73.27,73.3,73.3,2024,0.0,1.0
76,2018-10-10,77.44,77.44,75.315,75.38,75.38,3408,0.0,1.0
77,2018-10-09,77.58,77.61,77.43,77.5632,77.5632,1491,0.0,1.0
78,2018-10-08,76.53,76.87,76.53,76.84,76.84,1372,0.0,1.0
79,2018-10-05,77.5,77.5099,76.9916,77.02,77.02,1442,0.0,1.0
80,2018-10-04,78.2818,78.3683,76.67,77.0375,77.0375,2611,0.0,1.0
81,2018-10-03,77.25,79.2204,77.13,79.07,79.07,4014,0.0,1.0
82,2018-10-02,78.34,78.34,77.75,77.75,77.75,1779,0.0,1.0
83,2018-10-01,76.31,78.33,76.31,78.15,78.15,6540,0.0,1.0
84,2018-09-28,74.86,76.33,74.86,75.7,75.7,5076,0.0,1.0
85,2018-09-27,74.42,74.75,74.42,74.7374,74.7374,4705,0.0,1.0
86,2018-09-26,74.38,74.6132,73.98,74.0666,74.0666,2179,0.0,1.0
87,2018-09-25,75.04,75.11,74.65,74.8732,74.8732,10801,0.0,1.0
88,2018-09-24,74.76,75.06,74.47,74.7166,74.7166,8304,0.0,1.0
89,2018-09-21,73.7,73.7,73.04,73.15,73.15,1352,0.0,1.0
90,2018-09-20,72.91,72.91,72.4715,72.5575,72.5575,2867,0.0,1.0
91,2018-09-19,72.79,72.94,72.79,72.94,72.94,1764,0.0,1.0
92,2018-09-18,71.97,72.04,71.571,72.04,72.04,1603,0.0,1.0
93,2018-09-17,71.792,71.792,70.7565,70.9766,70.9766,3211,0.0,1.0
94,2018-09-14,71.0752,71.102,71.0752,71.102,71.102,1061,0.0,1.0
95,2018-09-13,71.75,71.75,70.6806,70.8047,70.8047,1076,0.0,1.0
96,2018-09-12,72.36,73.0,72.36,72.679,72.679,1225,0.0,1.0
97,2018-09-11,71.4841,71.67,71.4565,71.67,71.67,2402,0.0,1.0
98,2018-09-10,70.27,70.521,69.6399,69.6399,69.6399,704,0.0,1.0
99,2018-09-07,69.3499,69.8748,69.3499,69.8748,69.8748,899,0.0,1.0
100,2018-09-06,70.87,70.99,69.37,69.9548,69.9548,2347,0.0,1.0
101,2018-09-05,71.54,71.54,70.967,70.967,70.967,2414,0.0,1.0
102,2018-09-04,72.85,72.85,71.2672,71.2672,71.2672,1457,0.0,1.0
103,2018-08-31,72.04,72.15,71.91,72.073,72.073,10478,0.0,1.0
104,2018-08-30,71.87,72.47,71.87,72.47,72.47,1188,0.0,1.0
105,2018-08-29,71.37,71.66,71.37,71.47,71.47,1712,0.0,1.0
106,2018-08-28,71.0268,71.0268,71.0268,71.0268,71.0268,540,0.0,1.0
107,2018-08-27,71.04,71.09,70.9161,71.0268,71.0268,2416,0.0,1.0
108,2018-08-24,71.2751,71.2751,70.705,70.74,70.74,2033,0.0,1.0
109,2018-08-23,70.1575,70.1575,70.1575,70.1575,70.1575,177,0.0,1.0
110,2018-08-22,69.48,70.1575,69.48,70.1575,70.1575,2880,0.0,1.0
111,2018-08-21,67.79,67.79,67.79,67.79,67.79,731,0.0,1.0
112,2018-08-20,67.25,67.53,67.25,67.33,67.33,4042,0.0,1.0
113,2018-08-17,67.0942,67.19,67.08,67.19,67.19,3217,0.0,1.0
114,2018-08-16,66.49,66.9394,66.49,66.8983,66.8983,26145,0.0,1.0
115,2018-08-15,66.9823,66.9823,66.0,66.4252,66.4252,2414,0.0,1.0
116,2018-08-14,68.75,68.75,68.3629,68.4122,68.4122,4149,0.0,1.0
117,2018-08-13,68.78,68.78,68.2316,68.7458,68.7458,2492,0.0,1.0
118,2018-08-10,68.782,69.01,68.7431,68.9565,68.9565,3093,0.0,1.0
119,2018-08-09,68.52,68.52,68.1596,68.1829,68.1829,1337,0.0,1.0
120,2018-08-08,69.18,69.18,67.88,68.2358,68.2358,6495,0.0,1.0
121,2018-08-07,70.48,70.62,70.48,70.62,70.62,1122,0.0,1.0
122,2018-08-06,70.26,70.26,70.1062,70.21,70.21,2831,0.0,1.0
123,2018-08-03,69.91,70.05,69.5732,69.5732,69.5732,1802,0.0,1.0
124,2018-08-02,68.52,70.81,68.52,70.4522,70.4522,2204,0.0,1.0
125,2018-08-01,69.18,69.48,68.7001,68.7001,68.7001,1124,0.0,1.0
126,2018-07-31,69.98,70.44,69.98,70.07,70.07,6351,0.0,1.0
127,2018-07-30,71.29,71.468,71.21,71.271,71.271,2508,0.0,1.0
128,2018-07-27,70.67,70.67,69.67,70.14,70.14,2534,0.0,1.0
129,2018-07-26,70.806,70.8084,70.806,70.8084,70.8084,1091,0.0,1.0
130,2018-07-25,70.94,71.07,70.6673,70.6819,70.6819,5566,0.0,1.0
131,2018-07-24,69.28,70.28,69.28,69.675,69.675,3119,0.0,1.0
132,2018-07-23,69.625,69.63,68.9348,69.19,69.19,2707,0.0,1.0
133,2018-07-20,69.11,69.425,69.0,69.425,69.425,2191,0.0,1.0
134,2018-07-19,69.78,69.78,68.8127,69.3832,69.3832,2691,0.0,1.0
135,2018-07-18,68.11,69.09,68.11,69.09,69.09,1110,0.0,1.0
136,2018-07-17,67.82,68.68,67.69,68.33,68.33,12542,0.0,1.0
137,2018-07-16,68.2367,68.645,68.0296,68.645,68.645,1509,0.0,1.0
138,2018-07-13,70.955,70.955,70.955,70.955,70.955,263,0.0,1.0
139,2018-07-12,70.54,70.54,69.68,70.42,70.42,1826,0.0,1.0
140,2018-07-11,72.48,72.48,70.39,70.61,70.61,8206,0.0,1.0
141,2018-07-10,73.76,73.97,73.72,73.97,73.97,925,0.0,1.0
142,2018-07-09,73.84,73.96,72.91,73.96,73.96,2466,0.0,1.0
143,2018-07-06,72.63,73.676,72.32,73.45,73.45,6710,0.0,1.0
144,2018-07-05,73.69,73.96,72.64,72.65,72.65,13315,0.0,1.0
145,2018-07-03,73.44,73.44,73.3998,73.3998,73.3998,598,0.0,1.0
146,2018-07-02,73.88,73.99,73.6,73.7844,73.7844,1961,0.0,1.0
147,2018-06-29,73.38,74.18,73.38,74.17,74.17,5287,0.0,1.0
148,2018-06-28,73.05,73.5,73.05,73.0523,73.0523,1559,0.0,1.0
149,2018-06-27,71.23,72.8,71.23,72.282,72.282,7670,0.0,1.0
150,2018-06-26,68.3366,70.41,68.3366,70.3084,70.3084,20435,0.0,1.0
151,2018-06-25,68.5,68.76,67.8599,67.8599,67.8599,1650,0.0,1.0
152,2018-06-22,67.35,68.5409,67.07,68.5409,68.5409,2323,0.0,1.0
153,2018-06-21,65.28,65.28,65.28,65.28,65.28,511,0.0,1.0
154,2018-06-20,65.4146,65.56,65.281,65.48,65.48,8596,0.0,1.0
155,2018-06-19,64.3816,64.75,64.38,64.7353,64.7353,28105,0.0,1.0
156,2018-06-18,64.655,65.62,64.655,65.55,65.55,5722,0.0,1.0
157,2018-06-15,65.95,65.96,64.195,64.4,64.4,3904,0.0,1.0
158,2018-06-14,66.6184,66.64,66.6184,66.64,66.64,1096,0.0,1.0
159,2018-06-13,66.6,66.6,66.6,66.6,66.6,557,0.0,1.0
160,2018-06-12,66.1539,66.2285,66.0525,66.0525,66.0525,1847,0.0,1.0
161,2018-06-11,64.96,65.89,64.9451,65.743,65.743,2313,0.0,1.0
162,2018-06-08,65.56,65.56,65.03,65.46,65.46,4496,0.0,1.0
163,2018-06-07,65.4633,65.8,65.4633,65.8,65.8,734,0.0,1.0
164,2018-06-06,64.45,64.8098,64.45,64.795,64.795,800,0.0,1.0
165,2018-06-05,64.54,65.065,64.5,65.065,65.065,992,0.0,1.0
166,2018-06-04,64.43,64.66,64.43,64.5505,64.5505,1567,0.0,1.0
167,2018-06-01,65.9,66.21,65.35,65.5,65.5,2112,0.0,1.0
168,2018-05-31,66.82,67.582,66.51,66.86,66.86,2728,0.0,1.0
169,2018-05-30,67.81,68.11,67.81,67.97,67.97,2770,0.0,1.0
170,2018-05-29,66.64,66.7,65.9,66.08,66.08,5127,0.0,1.0
171,2018-05-25,68.49,68.49,67.21,67.3917,67.3917,13570,0.0,1.0
172,2018-05-24,70.6599,70.82,70.31,70.32,70.32,4403,0.0,1.0
173,2018-05-23,71.59,71.59,71.2,71.3561,71.3561,167562,0.0,1.0
174,2018-05-22,72.2036,72.4,71.96,71.96,71.96,1421,0.0,1.0
175,2018-05-21,71.53,72.18,71.53,72.18,72.18,3905,0.0,1.0
176,2018-05-18,71.1146,71.1146,70.78,70.78,70.78,738,0.0,1.0
177,2018-05-17,71.64,71.64,71.1062,71.288,71.288,6105,0.0,1.0
178,2018-05-16,70.63,71.21,70.601,71.21,71.21,3939,0.0,1.0
179,2018-05-15,70.4073,71.0,70.4073,71.0,71.0,405,0.0,1.0
180,2018-05-14,70.7893,70.7893,70.5393,70.73,70.73,902,0.0,1.0
181,2018-05-11,70.66,70.67,70.52,70.52,70.52,957,0.0,1.0
182,2018-05-10,70.6328,71.0086,70.38,71.0086,71.0086,3136,0.0,1.0
183,2018-05-09,70.23,70.7403,70.23,70.7403,70.7403,854,0.0,1.0
184,2018-05-08,67.715,70.13,67.7,68.93,68.93,7080,0.0,1.0
185,2018-05-07,70.02,70.2264,69.22,69.37,69.37,4295,0.0,1.0
186,2018-05-04,68.06,69.34,68.03,69.31,69.31,20262,0.0,1.0
187,2018-05-03,67.1321,68.1706,67.0,67.95,67.95,5611,0.0,1.0
188,2018-05-02,66.86,67.3855,66.86,67.3855,67.3855,4065,0.0,1.0
189,2018-05-01,67.01,67.05,67.0013,67.0013,67.0013,7231,0.0,1.0
190,2018-04-30,67.11,68.6,67.11,68.0054,68.0054,1832,0.0,1.0
191,2018-04-27,67.5712,67.63,67.57,67.57,67.57,967,0.0,1.0
192,2018-04-26,67.55,67.55,67.5165,67.5165,67.5165,1035,0.0,1.0
193,2018-04-25,67.3052,67.41,66.7956,67.4,67.4,1080,0.0,1.0
194,2018-04-24,68.5871,68.5871,67.29,67.29,67.29,2187,0.0,1.0
195,2018-04-23,66.98,67.57,66.98,67.5478,67.5478,1210,0.0,1.0
196,2018-04-20,67.2299,68.1,67.2299,68.1,68.1,1196,0.0,1.0
197,2018-04-19,68.67,68.76,67.605,67.8488,67.8488,32405,0.0,1.0
198,2018-04-18,67.43,67.77,67.32,67.32,67.32,1708,0.0,1.0
199,2018-04-17,65.38,66.04,65.38,66.03,66.03,4122,0.0,1.0
200,2018-04-16,66.33,66.3638,65.8,65.8,65.8,13917,0.0,1.0
201,2018-04-13,66.72,66.72,66.72,66.72,66.72,175,0.0,1.0
202,2018-04-12,66.09,66.279,65.55,66.2502,66.2502,1306,0.0,1.0
203,2018-04-11,65.3,66.35,65.3,66.344,66.344,1310,0.0,1.0
204,2018-04-10,64.14,65.29,64.14,65.29,65.29,1422,0.0,1.0
205,2018-04-09,62.4,62.82,62.4,62.82,62.82,412,0.0,1.0
206,2018-04-06,62.26,62.378,62.25,62.378,62.378,1866,0.0,1.0
207,2018-04-05,62.75,63.18,62.7,63.1444,63.1444,1464,0.0,1.0
208,2018-04-04,62.04,62.8999,61.99,62.8999,62.8999,9114,0.0,1.0
209,2018-04-03,63.03,63.12,62.9937,63.12,63.12,1569,0.0,1.0
210,2018-04-02,63.13,63.19,62.5425,62.5425,62.5425,3687,0.0,1.0
211,2018-03-29,63.83,63.83,63.83,63.83,63.83,0,0.0,1.0
212,2018-03-28,63.92,64.53,63.78,63.83,63.83,9982,0.0,1.0
213,2018-03-27,65.14,65.14,64.24,64.24,64.24,7523,0.0,1.0
214,2018-03-26,64.8,65.13,64.8,65.13,65.13,2415,0.0,1.0
215,2018-03-23,63.855,63.855,63.855,63.855,63.855,0,0.0,1.0
216,2018-03-22,63.8599,63.86,63.855,63.855,63.855,707,0.0,1.0
217,2018-03-21,63.7,64.58,63.685,64.58,64.58,2846,0.0,1.0
218,2018-03-20,62.8088,63.15,62.8085,62.9234,62.9234,2426,0.0,1.0
219,2018-03-19,61.42,61.67,61.1285,61.67,61.67,3671,0.0,1.0
220,2018-03-16,61.03,61.79,61.03,61.79,61.79,6854,0.0,1.0
221,2018-03-15,60.14,60.14,60.14,60.14,60.14,10,0.0,1.0
222,2018-03-14,60.16,60.16,60.14,60.14,60.14,3100,0.0,1.0
223,2018-03-13,60.11,60.11,60.1,60.1,60.1,1289,0.0,1.0
224,2018-03-12,61.0,61.0,61.0,61.0,61.0,73,0.0,1.0
225,2018-03-09,61.0,61.0,61.0,61.0,61.0,518,0.0,1.0
226,2018-03-08,61.6848,61.6848,61.6848,61.6848,61.6848,0,0.0,1.0
227,2018-03-07,61.685,61.685,61.685,61.685,61.685,100,0.0,1.0
228,2018-03-06,61.97,61.97,61.7895,61.7895,61.7895,4117,0.0,1.0
229,2018-03-05,61.7961,61.85,61.796,61.8099,61.8099,1156,0.0,1.0
230,2018-03-02,59.92,59.92,59.8868,59.8868,59.8868,458,0.0,1.0
231,2018-03-01,60.0,60.0,60.0,60.0,60.0,403,0.0,1.0
232,2018-02-28,63.0772,63.0772,63.0772,63.0772,63.0772,55,0.0,1.0
233,2018-02-27,63.077,63.077,63.077,63.077,63.077,300,0.0,1.0
234,2018-02-26,62.64,63.48,62.49,63.48,63.48,1300,0.0,1.0
235,2018-02-23,62.8901,62.93,62.7099,62.88,62.88,3074,0.0,1.0
236,2018-02-22,61.39,62.07,61.0,62.05,62.05,4546,0.0,1.0
237,2018-02-21,60.68,60.97,60.68,60.9492,60.9492,2000,0.0,1.0
238,2018-02-20,60.65,60.65,60.65,60.65,60.65,0,0.0,1.0
239,2018-02-16,60.1901,61.12,60.19,60.65,60.65,12098,0.0,1.0
240,2018-02-15,59.12,59.12,59.12,59.12,59.12,0,0.0,1.0
241,2018-02-14,57.78,59.12,57.78,59.12,59.12,3705,0.0,1.0
242,2018-02-13,59.41,59.41,59.41,59.41,59.41,16,0.0,1.0
243,2018-02-12,59.41,59.41,59.41,59.41,59.41,400,0.0,1.0
244,2018-02-09,57.92,58.3,57.92,58.29,58.29,1443,0.0,1.0
245,2018-02-08,60.8982,60.8982,60.8982,60.8982,60.8982,0,0.0,1.0
246,2018-02-07,62.45,62.45,60.78,60.8982,60.8982,2319,0.0,1.0
247,2018-02-06,63.03,63.03,62.53,62.53,62.53,4373,0.0,1.0
248,2018-02-05,63.61,64.11,62.88,62.88,62.88,3227,0.0,1.0
249,2018-02-02,63.76,63.76,63.7478,63.7478,63.7478,3366,0.0,1.0
250,2018-02-01,63.77,63.77,63.77,63.77,63.77,13,0.0,1.0
251,2018-01-31,63.86,63.86,63.77,63.77,63.77,803,0.0,1.0
252,2018-01-30,63.46,63.46,63.4599,63.4599,63.4599,1753,0.0,1.0
253,2018-01-29,64.31,64.31,64.3099,64.3099,64.3099,1156,0.0,1.0
254,2018-01-26,65.3,65.3,65.2626,65.2626,65.2626,802,0.0,1.0
255,2018-01-25,65.21,65.21,64.49,64.49,64.49,1005,0.0,1.0
256,2018-01-24,62.4678,62.4678,62.4678,62.4678,62.4678,214,0.0,1.0
257,2018-01-23,62.4678,62.4678,62.4678,62.4678,62.4678,0,0.0,1.0
258,2018-01-22,62.4678,62.4678,62.4678,62.4678,62.4678,5,0.0,1.0
259,2018-01-19,62.48,62.48,62.4678,62.4678,62.4678,3484,0.0,1.0
260,2018-01-18,62.73,62.92,62.73,62.9177,62.9177,4228,0.0,1.0
261,2018-01-17,63.09,63.09,63.0527,63.0527,63.0527,432,0.0,1.0
262,2018-01-16,62.75,62.75,62.75,62.75,62.75,2489,0.0,1.0
263,2018-01-12,62.4548,62.4548,62.4548,62.4548,62.4548,240,0.0,1.0
264,2018-01-11,62.5,62.5,62.5,62.5,62.5,252,0.0,1.0
265,2018-01-10,62.25,62.48,62.2301,62.48,62.48,731,0.0,1.0
266,2018-01-09,61.41,61.83,61.41,61.83,61.83,270,0.0,1.0
267,2018-01-08,60.44,60.44,60.44,60.44,60.44,0,0.0,1.0
268,2018-01-05,60.44,60.44,60.44,60.44,60.44,100,0.0,1.0
269,2018-01-04,59.15,59.15,59.15,59.15,59.15,0,0.0,1.0
270,2018-01-03,59.15,59.15,59.15,59.15,59.15,49,0.0,1.0
271,2018-01-02,59.15,59.15,59.15,59.15,59.15,10,0.0,1.0
272,2017-12-29,59.15,59.15,59.15,59.15,59.15,600,0.0,1.0
273,2017-12-28,58.52,58.53,58.52,58.53,58.53,2223,0.0,1.0
274,2017-12-27,58.69,58.69,58.52,58.5212,58.5212,640,0.0,1.0
275,2017-12-26,57.84,57.84,57.84,57.84,57.84,300,0.0,1.0
276,2017-12-22,56.87,56.87,56.87,56.87,56.87,183,0.0,1.0
277,2017-12-21,57.2599,57.2599,57.2599,57.2599,57.2599,100,0.0,1.0
278,2017-12-20,56.9875,56.9875,56.9875,56.9875,56.9875,105,0.0,1.0
279,2017-12-19,56.63,56.63,56.63,56.63,56.63,0,0.0,1.0
280,2017-12-18,56.44,56.64,56.44,56.63,56.63,401,0.0,1.0
281,2017-12-15,56.2835,56.2835,56.2835,56.2835,56.2835,32,0.0,1.0
282,2017-12-14,56.2835,56.2835,56.2835,56.2835,56.2835,24,0.0,1.0
283,2017-12-13,56.2835,56.2835,56.2835,56.2835,56.2835,0,0.0,1.0
284,2017-12-12,56.3,56.3,56.2835,56.2835,56.2835,789,0.0,1.0
285,2017-12-11,56.58,56.58,56.58,56.58,56.58,282,0.0,1.0
286,2017-12-08,56.53,56.53,56.43,56.43,56.43,753,0.0,1.0
287,2017-12-07,56.68,56.68,56.68,56.68,56.68,0,0.0,1.0
288,2017-12-06,56.68,56.68,56.68,56.68,56.68,8,0.0,1.0
289,2017-12-05,56.68,56.68,56.68,56.68,56.68,20,0.0,1.0
290,2017-12-04,56.55,56.68,56.54,56.68,56.68,1342,0.0,1.0
291,2017-11-30,56.68,56.68,56.2,56.32,56.32,4308,0.0,1.0
292,2017-11-29,57.09,57.09,56.23,56.23,56.23,1820,0.0,1.0
293,2017-11-28,56.64,56.64,56.64,56.64,56.64,27,0.0,1.0
294,2017-11-27,56.64,56.64,56.64,56.64,56.64,0,0.0,1.0
295,2017-11-24,56.64,56.64,56.64,56.64,56.64,0,0.0,1.0
296,2017-11-22,56.5,56.64,56.5,56.64,56.64,1504,0.0,1.0
297,2017-11-21,55.95,56.0,55.77,55.77,55.77,2772,0.0,1.0
298,2017-11-20,55.779,55.779,55.779,55.779,55.779,0,0.0,1.0
299,2017-11-17,55.79,55.8,55.779,55.779,55.779,430,0.0,1.0
300,2017-11-16,56.31,56.31,56.31,56.31,56.31,1,0.0,1.0
301,2017-11-15,56.31,56.31,56.31,56.31,56.31,59,0.0,1.0
302,2017-11-14,56.31,56.31,56.31,56.31,56.31,10,0.0,1.0
303,2017-11-13,56.31,56.31,56.31,56.31,56.31,326,0.0,1.0
304,2017-11-10,56.06,56.06,56.0599,56.0599,56.0599,236,0.0,1.0
305,2017-11-09,53.24,53.24,53.24,53.24,53.24,59,0.0,1.0
306,2017-11-08,53.24,53.24,53.24,53.24,53.24,4,0.0,1.0
307,2017-11-07,53.24,53.24,53.24,53.24,53.24,64,0.0,1.0
308,2017-11-06,53.24,53.24,53.24,53.24,53.24,36,0.0,1.0
309,2017-11-03,53.24,53.24,53.24,53.24,53.24,0,0.0,1.0
310,2017-11-02,53.24,53.24,53.24,53.24,53.24,0,0.0,1.0
311,2017-11-01,53.96,53.96,53.24,53.24,53.24,4764,0.0,1.0
312,2017-10-31,53.38,53.38,53.38,53.38,53.38,11,0.0,1.0
313,2017-10-30,53.38,53.38,53.38,53.38,53.38,100,0.0,1.0
314,2017-10-27,51.66,51.66,51.66,51.66,51.66,0,0.0,1.0
315,2017-10-26,51.66,51.66,51.66,51.66,51.66,0,0.0,1.0
316,2017-10-25,51.66,51.66,51.66,51.66,51.66,1128,0.0,1.0
317,2017-10-24,51.08,51.08,51.08,51.08,51.08,0,0.0,1.0
318,2017-10-23,51.08,51.08,51.08,51.08,51.08,700,0.0,1.0
319,2017-10-20,51.56,51.56,51.56,51.56,51.56,0,0.0,1.0
320,2017-10-19,51.56,51.56,51.56,51.56,51.56,37,0.0,1.0
321,2017-10-18,51.56,51.56,51.56,51.56,51.56,590,0.0,1.0
322,2017-10-17,51.17,51.17,51.17,51.17,51.17,606,0.0,1.0
323,2017-10-16,51.43,51.43,51.39,51.43,51.43,2900,0.0,1.0
324,2017-10-13,50.78,50.78,50.76,50.76,50.76,1100,0.0,1.0
325,2017-10-12,50.25,50.25,50.24,50.24,50.24,1550,0.0,1.0
326,2017-10-11,50.48,50.48,50.48,50.48,50.48,0,0.0,1.0
327,2017-10-10,50.5,50.5,50.48,50.48,50.48,322,0.0,1.0
328,2017-10-09,49.79,49.79,49.79,49.79,49.79,0,0.0,1.0
329,2017-10-06,49.79,49.79,49.79,49.79,49.79,0,0.0,1.0
330,2017-10-05,49.79,49.79,49.79,49.79,49.79,0,0.0,1.0
331,2017-10-04,50.12,50.12,49.71,49.79,49.79,1598,0.0,1.0
332,2017-10-03,50.06,50.06,49.992,49.992,49.992,2024,0.0,1.0
333,2017-10-02,49.88,50.07,49.85,49.85,49.85,3776,0.0,1.0
334,2017-09-29,50.99,50.99,50.99,50.99,50.99,10,0.0,1.0
335,2017-09-28,52.26,52.26,50.92,50.99,50.99,3203,0.0,1.0
336,2017-09-27,51.53,51.53,51.53,51.53,51.53,67,0.0,1.0
337,2017-09-26,51.53,51.53,51.53,51.53,51.53,88,0.0,1.0
338,2017-09-25,50.99,51.53,50.99,51.53,51.53,5100,0.0,1.0
339,2017-09-22,50.151,50.151,50.151,50.151,50.151,71,0.0,1.0
340,2017-09-21,50.151,50.151,50.151,50.151,50.151,100,0.0,1.0
341,2017-09-20,49.97,49.97,49.97,49.97,49.97,0,0.0,1.0
342,2017-09-19,49.97,49.97,49.97,49.97,49.97,50,0.0,1.0
343,2017-09-18,49.97,49.97,49.97,49.97,49.97,160,0.0,1.0
344,2017-09-15,50.1,50.14,50.09,50.14,50.14,7200,0.0,1.0
345,2017-09-14,47.7,47.7,47.7,47.7,47.7,0,0.0,1.0
346,2017-09-13,47.7,47.7,47.7,47.7,47.7,0,0.0,1.0
347,2017-09-12,47.7,47.7,47.7,47.7,47.7,56,0.0,1.0
348,2017-09-11,47.7,47.7,47.7,47.7,47.7,0,0.0,1.0
349,2017-09-08,47.58,47.7,47.58,47.7,47.7,6911,0.0,1.0
350,2017-09-07,49.11,49.11,49.11,49.11,49.11,26,0.0,1.0
351,2017-09-06,49.11,49.11,49.11,49.11,49.11,100,0.0,1.0
352,2017-09-05,48.6299,48.6999,48.6114,48.6828,48.6828,901,0.0,1.0
353,2017-09-01,47.37,47.37,47.37,47.37,47.37,300,0.0,1.0
354,2017-08-31,46.29,46.29,46.29,46.29,46.29,0,0.0,1.0
355,2017-08-30,46.29,46.29,46.29,46.29,46.29,0,0.0,1.0
356,2017-08-29,46.29,46.29,46.29,46.29,46.29,0,0.0,1.0
357,2017-08-28,47.28,47.28,46.29,46.29,46.29,1453,0.0,1.0
358,2017-08-25,47.87,47.87,47.66,47.66,47.66,5800,0.0,1.0
359,2017-08-24,47.85,47.85,47.85,47.85,47.85,0,0.0,1.0
360,2017-08-23,47.85,47.85,47.85,47.85,47.85,0,0.0,1.0
361,2017-08-22,47.85,47.85,47.85,47.85,47.85,200,0.0,1.0
362,2017-08-21,47.96,47.96,47.96,47.96,47.96,0,0.0,1.0
363,2017-08-18,47.96,47.96,47.96,47.96,47.96,0,0.0,1.0
364,2017-08-17,47.96,47.96,47.96,47.96,47.96,0,0.0,1.0
365,2017-08-16,47.96,47.96,47.96,47.96,47.96,660,0.0,1.0
366,2017-08-15,47.7,47.7,47.7,47.7,47.7,0,0.0,1.0
367,2017-08-14,49.22,49.23,47.7,47.7,47.7,1540,0.0,1.0
368,2017-08-11,49.52,49.52,49.52,49.52,49.52,42,0.0,1.0
369,2017-08-10,49.52,49.52,49.52,49.52,49.52,0,0.0,1.0
370,2017-08-09,49.71,49.97,49.3,49.52,49.52,16201,0.0,1.0
371,2017-08-08,49.68,49.68,49.68,49.68,49.68,110,0.0,1.0
372,2017-08-07,49.721,49.721,49.721,49.721,49.721,3,0.0,1.0
373,2017-08-04,49.721,49.721,49.721,49.721,49.721,404,0.0,1.0
374,2017-08-03,49.74,49.74,49.74,49.74,49.74,70,0.0,1.0
375,2017-08-02,49.5,49.76,49.0,49.74,49.74,11201,0.0,1.0
376,2017-08-01,49.42,49.42,49.42,49.42,49.42,100,0.0,1.0
377,2017-07-31,49.47,50.0,49.46,50.0,50.0,14786,0.0,1.0
378,2017-07-28,49.92,49.98,49.9,49.942,49.942,9358,0.0,1.0
379,2017-07-27,49.35,49.36,49.31,49.31,49.31,6304,0.0,1.0
380,2017-07-26,48.95,48.95,48.95,48.95,48.95,327,0.0,1.0
381,2017-07-25,48.09,48.09,48.09,48.09,48.09,263,0.0,1.0
382,2017-07-24,46.61,46.64,46.61,46.64,46.64,940,0.0,1.0
383,2017-07-21,46.241,46.241,46.09,46.09,46.09,609,0.0,1.0
384,2017-07-20,46.49,46.49,46.49,46.49,46.49,0,0.0,1.0
385,2017-07-19,46.49,46.49,46.49,46.49,46.49,50,0.0,1.0
386,2017-07-18,46.49,46.49,46.49,46.49,46.49,0,0.0,1.0
387,2017-07-17,46.49,46.49,46.49,46.49,46.49,6439,0.0,1.0
388,2017-07-14,46.39,46.39,46.39,46.39,46.39,0,0.0,1.0
389,2017-07-13,46.42,46.42,46.39,46.39,46.39,200,0.0,1.0
390,2017-07-12,45.84,46.29,45.8,45.8,45.8,21300,0.0,1.0
391,2017-07-11,44.95,44.95,44.95,44.95,44.95,177,0.0,1.0
392,2017-07-10,44.95,44.95,44.95,44.95,44.95,255,0.0,1.0
393,2017-07-07,45.55,45.55,45.55,45.55,45.55,50,0.0,1.0
394,2017-07-06,45.55,45.55,45.55,45.55,45.55,0,0.0,1.0
395,2017-07-05,45.9,45.9,45.49,45.55,45.55,446,0.0,1.0
396,2017-07-03,45.962,45.962,45.962,45.962,45.962,0,0.0,1.0
397,2017-06-30,45.962,45.962,45.962,45.962,45.962,135,0.0,1.0
398,2017-06-29,45.0,45.0,45.0,45.0,45.0,50,0.0,1.0
399,2017-06-28,45.07,45.07,44.92,45.0,45.0,1580,0.0,1.0
400,2017-06-27,42.925,42.925,42.925,42.925,42.925,0,0.0,1.0
401,2017-06-26,42.925,42.925,42.925,42.925,42.925,0,0.0,1.0
402,2017-06-23,42.925,42.925,42.925,42.925,42.925,0,0.0,1.0
403,2017-06-22,42.925,42.925,42.925,42.925,42.925,8050,0.0,1.0
404,2017-06-21,42.69,42.925,42.69,42.925,42.925,591,0.0,1.0
405,2017-06-20,43.852,43.852,43.852,43.852,43.852,139,0.0,1.0
406,2017-06-19,45.14,45.14,45.14,45.14,45.14,146,0.0,1.0
407,2017-06-16,45.14,45.14,45.14,45.14,45.14,40,0.0,1.0
408,2017-06-15,45.14,45.14,45.14,45.14,45.14,0,0.0,1.0
409,2017-06-14,46.59,46.59,45.14,45.14,45.14,1230,0.0,1.0
410,2017-06-13,46.79,47.001,46.79,47.001,47.001,1254,0.0,1.0
411,2017-06-12,48.037,48.037,48.037,48.037,48.037,3004,0.0,1.0
412,2017-06-09,48.037,48.037,48.037,48.037,48.037,7,0.0,1.0
413,2017-06-08,48.037,48.037,48.037,48.037,48.037,0,0.0,1.0
414,2017-06-07,48.037,48.037,48.037,48.037,48.037,73,0.0,1.0
415,2017-06-06,48.037,48.037,48.037,48.037,48.037,13,0.0,1.0
416,2017-06-05,48.15,48.15,48.037,48.037,48.037,453,0.0,1.0
417,2017-06-02,48.259,48.259,48.259,48.259,48.259,201,0.0,1.0
418,2017-06-01,50.2,50.2,50.2,50.2,50.2,0,0.0,1.0
419,2017-05-31,50.2,50.2,50.2,50.2,50.2,0,0.0,1.0
420,2017-05-30,50.2,50.2,50.177,50.2,50.2,1739,0.0,1.0
421,2017-05-26,49.97,49.97,49.97,49.97,49.97,51,0.0,1.0
422,2017-05-25,49.97,49.97,49.97,49.97,49.97,127,0.0,1.0
423,2017-05-24,51.77,51.82,51.76,51.82,51.82,1577,0.0,1.0
424,2017-05-23,50.19,50.19,50.19,50.19,50.19,0,0.0,1.0
425,2017-05-22,50.19,50.19,50.19,50.19,50.19,0,0.0,1.0
426,2017-05-19,50.19,50.19,50.19,50.19,50.19,0,0.0,1.0
427,2017-05-18,50.19,50.19,50.19,50.19,50.19,27,0.0,1.0
428,2017-05-17,49.95,50.22,49.908,50.19,50.19,873,0.0,1.0
429,2017-05-16,50.19,50.19,50.19,50.19,50.19,78,0.0,1.0
430,2017-05-15,50.19,50.19,50.19,50.19,50.19,178,0.0,1.0
431,2017-05-12,48.56,48.56,48.56,48.56,48.56,0,0.0,1.0
432,2017-05-11,48.56,48.56,48.56,48.56,48.56,20,0.0,1.0
433,2017-05-10,47.71,48.56,47.71,48.56,48.56,1049,0.0,1.0
434,2017-05-09,47.09,47.09,47.09,47.09,47.09,304,0.0,1.0
435,2017-05-08,46.362,46.362,46.362,46.362,46.362,0,0.0,1.0
436,2017-05-05,46.362,46.362,46.362,46.362,46.362,200,0.0,1.0
437,2017-05-04,46.48,46.48,46.362,46.362,46.362,1000,0.0,1.0
438,2017-05-03,48.62,48.62,48.62,48.62,48.62,0,0.0,1.0
439,2017-05-02,49.1,49.1,48.5,48.62,48.62,8700,0.0,1.0
440,2017-05-01,53.29,53.29,53.29,53.29,53.29,0,0.0,1.0
441,2017-04-28,53.29,53.29,53.29,53.29,53.29,0,0.0,1.0
442,2017-04-27,53.29,53.29,53.29,53.29,53.29,0,0.0,1.0
443,2017-04-26,53.29,53.29,53.29,53.29,53.29,0,0.0,1.0
444,2017-04-25,53.29,53.29,53.29,53.29,53.29,0,0.0,1.0
445,2017-04-24,53.29,53.29,53.29,53.29,53.29,0,0.0,1.0
446,2017-04-21,53.29,53.29,53.29,53.29,53.29,0,0.0,1.0
447,2017-04-20,53.29,53.29,53.29,53.29,53.29,0,0.0,1.0
448,2017-04-19,53.29,53.29,53.29,53.29,53.29,0,0.0,1.0
449,2017-04-18,53.29,53.29,53.29,53.29,53.29,0,0.0,1.0
450,2017-04-17,53.29,53.29,53.29,53.29,53.29,3,0.0,1.0
451,2017-04-13,53.29,53.29,53.29,53.29,53.29,0,0.0,1.0
452,2017-04-12,53.29,53.29,53.29,53.29,53.29,0,0.0,1.0
453,2017-04-11,53.29,53.29,53.29,53.29,53.29,0,0.0,1.0
454,2017-04-10,53.29,53.29,53.29,53.29,53.29,0,0.0,1.0
455,2017-04-07,53.29,53.29,53.29,53.29,53.29,0,0.0,1.0
456,2017-04-06,53.29,53.29,53.29,53.29,53.29,1,0.0,1.0
457,2017-04-05,53.23,53.29,53.23,53.29,53.29,7201,0.0,1.0
458,2017-04-04,51.66,51.66,51.66,51.66,51.66,0,0.0,1.0
459,2017-04-03,51.66,51.66,51.66,51.66,51.66,0,0.0,1.0
460,2017-03-31,51.66,51.67,51.66,51.66,51.66,5600,0.0,1.0
461,2017-03-30,51.71,51.72,51.71,51.72,51.72,3200,0.0,1.0
462,2017-03-29,50.35,50.35,50.35,50.35,50.35,0,0.0,1.0
463,2017-03-28,50.35,50.35,50.35,50.35,50.35,0,0.0,1.0
464,2017-03-27,50.35,50.35,50.35,50.35,50.35,0,0.0,1.0
465,2017-03-24,50.35,50.35,50.35,50.35,50.35,0,0.0,1.0
466,2017-03-23,50.35,50.35,50.35,50.35,50.35,0,0.0,1.0
467,2017-03-22,50.35,50.35,50.35,50.35,50.35,2,0.0,1.0
468,2017-03-21,50.35,50.35,50.35,50.35,50.35,0,0.0,1.0
469,2017-03-20,50.35,50.35,50.35,50.35,50.35,0,0.0,1.0
470,2017-03-17,50.35,50.35,50.35,50.35,50.35,0,0.0,1.0
471,2017-03-16,50.35,50.35,50.35,50.35,50.35,0,0.0,1.0
472,2017-03-15,50.35,50.35,50.35,50.35,50.35,0,0.0,1.0
473,2017-03-14,50.35,50.35,50.35,50.35,50.35,0,0.0,1.0
474,2017-03-13,50.35,50.35,50.35,50.35,50.35,1800,0.0,1.0
475,2017-03-10,51.23,51.23,50.69,50.69,50.69,4602,0.0,1.0
476,2017-03-09,51.26,51.26,51.26,51.26,51.26,696,0.0,1.0
477,2017-03-08,55.4,55.4,55.4,55.4,55.4,50,0.0,1.0
478,2017-03-07,55.4,55.4,55.4,55.4,55.4,0,0.0,1.0
479,2017-03-06,55.4,55.4,55.4,55.4,55.4,0,0.0,1.0
480,2017-03-03,55.4,55.4,55.4,55.4,55.4,0,0.0,1.0
481,2017-03-02,55.4,55.4,55.4,55.4,55.4,1,0.0,1.0
482,2017-03-01,55.4,55.4,55.4,55.4,55.4,0,0.0,1.0
483,2017-02-28,55.4,55.4,55.4,55.4,55.4,800,0.0,1.0
484,2017-02-27,56.39,56.39,56.15,56.15,56.15,4100,0.0,1.0
485,2017-02-24,55.68,55.68,55.68,55.68,55.68,0,0.0,1.0
486,2017-02-23,55.68,55.68,55.68,55.68,55.68,50,0.0,1.0
487,2017-02-22,55.79,55.79,55.53,55.68,55.68,6200,0.0,1.0
488,2017-02-21,56.9,56.9,56.82,56.82,56.82,2550,0.0,1.0
489,2017-02-17,55.3,55.3,55.3,55.3,55.3,0,0.0,1.0
490,2017-02-16,55.3,55.3,55.3,55.3,55.3,400,0.0,1.0
491,2017-02-15,55.5,55.79,55.5,55.79,55.79,5700,0.0,1.0
492,2017-02-14,56.27,56.27,56.27,56.27,56.27,0,0.0,1.0
493,2017-02-13,56.27,56.27,56.27,56.27,56.27,50,0.0,1.0
494,2017-02-10,56.27,56.27,56.27,56.27,56.27,7,0.0,1.0
495,2017-02-09,56.27,56.27,56.27,56.27,56.27,56,0.0,1.0
496,2017-02-08,56.27,56.27,56.27,56.27,56.27,1,0.0,1.0
497,2017-02-07,56.27,56.27,56.27,56.27,56.27,0,0.0,1.0
498,2017-02-06,56.27,56.27,56.27,56.27,56.27,0,0.0,1.0
499,2017-02-03,56.27,56.27,56.27,56.27,56.27,0,0.0,1.0
500,2017-02-02,56.56,56.56,56.27,56.27,56.27,640,0.0,1.0
501,2017-02-01,55.4,55.4,55.4,55.4,55.4,1,0.0,1.0
502,2017-01-31,55.4,55.4,55.4,55.4,55.4,1,0.0,1.0
503,2017-01-30,55.4,55.4,55.4,55.4,55.4,0,0.0,1.0
504,2017-01-27,55.6,55.6,55.39,55.4,55.4,5000,0.0,1.0
505,2017-01-26,56.08,56.08,56.08,56.08,56.08,19,0.0,1.0
506,2017-01-25,56.08,56.08,56.08,56.08,56.08,0,0.0,1.0
507,2017-01-24,56.08,56.08,56.08,56.08,56.08,1,0.0,1.0
508,2017-01-23,56.08,56.08,56.08,56.08,56.08,0,0.0,1.0
509,2017-01-20,56.1,56.1,56.07,56.08,56.08,5600,0.0,1.0
510,2017-01-19,55.05,55.31,54.73,54.73,54.73,1000,0.0,1.0
511,2017-01-18,55.81,55.81,55.81,55.81,55.81,0,0.0,1.0
512,2017-01-17,55.81,55.81,55.81,55.81,55.81,0,0.0,1.0
513,2017-01-13,55.81,55.81,55.81,55.81,55.81,100,0.0,1.0
514,2017-01-12,54.29,54.29,54.29,54.29,54.29,0,0.0,1.0
515,2017-01-11,54.29,54.29,54.29,54.29,54.29,0,0.0,1.0
516,2017-01-10,54.29,54.29,54.29,54.29,54.29,100,0.0,1.0
517,2017-01-09,55.41,55.41,55.41,55.41,55.41,200,0.0,1.0
518,2017-01-06,57.22,57.22,57.22,57.22,57.22,0,0.0,1.0
519,2017-01-05,57.22,57.22,57.22,57.22,57.22,200,0.0,1.0
520,2017-01-04,57.15,57.15,57.15,57.15,57.15,8,0.0,1.0
521,2017-01-03,57.15,57.15,57.15,57.15,57.15,0,0.0,1.0
522,2016-12-30,57.21,57.21,57.15,57.15,57.15,1716,0.0,1.0
523,2016-12-29,57.71,57.71,57.71,57.71,57.71,2585,0.0,1.0
524,2016-12-28,55.54,55.54,55.54,55.54,55.54,0,0.0,1.0
525,2016-12-27,55.54,55.54,55.54,55.54,55.54,0,0.0,1.0
526,2016-12-23,55.54,55.54,55.54,55.54,55.54,0,0.0,1.0
527,2016-12-22,55.54,55.54,55.54,55.54,55.54,1,0.0,1.0
528,2016-12-21,55.54,55.54,55.54,55.54,55.54,1,0.0,1.0
529,2016-12-20,55.54,55.54,55.54,55.54,55.54,0,0.0,1.0
530,2016-12-19,55.54,55.54,55.54,55.54,55.54,0,0.0,1.0
531,2016-12-16,55.54,55.54,55.54,55.54,55.54,22,0.0,1.0
532,2016-12-15,55.54,55.54,55.54,55.54,55.54,0,0.0,1.0
533,2016-12-14,56.81,56.81,55.54,55.54,55.54,765,0.0,1.0
534,2016-12-13,57.24,57.24,57.24,57.24,57.24,2,0.0,1.0
535,2016-12-12,58.38,58.38,57.24,57.24,57.24,542,0.0,1.0
536,2016-12-09,54.3,54.3,54.3,54.3,54.3,0,0.0,1.0
537,2016-12-08,54.3,54.3,54.3,54.3,54.3,24,0.0,1.0
538,2016-12-07,54.3,54.3,54.3,54.3,54.3,100,0.0,1.0
539,2016-12-06,49.3,49.3,49.3,49.3,49.3,0,0.0,1.0
540,2016-12-05,49.3,49.3,49.3,49.3,49.3,0,0.0,1.0
541,2016-12-02,49.3,49.3,49.3,49.3,49.3,0,0.0,1.0
542,2016-12-01,49.3,49.3,49.3,49.3,49.3,0,0.0,1.0
543,2016-11-30,49.3,49.3,49.3,49.3,49.3,0,0.0,1.0
544,2016-11-29,48.84,49.3,48.84,49.3,49.3,300,0.0,1.0
545,2016-11-28,51.08,51.08,51.08,51.08,51.08,100,0.0,1.0
546,2016-11-25,51.77,51.77,51.77,51.77,51.77,0,0.0,1.0
547,2016-11-23,51.77,51.77,51.77,51.77,51.77,0,0.0,1.0
548,2016-11-22,51.77,51.77,51.77,51.77,51.77,0,0.0,1.0
549,2016-11-21,51.77,51.77,51.77,51.77,51.77,400,0.0,1.0
550,2016-11-18,50.27,50.27,50.27,50.27,50.27,100,0.0,1.0
